source1_entity_id	candidate_entity_id
S1-700000000	S2-100000001
S1-700000001	S3-500000002
S1-700000002	S2-100000007
S1-700000003	S3-500000009
S1-700000003	S2-100000011
S1-700000004	S3-500000013
S1-700000005	S2-100000016
S1-700000005	S3-500000016
S1-700000006	S2-100000020
S1-700000006	S3-500000018
S1-700000007	S2-100000023
S1-700000007	S3-500000021
S1-700000008	S2-100000027
S1-700000008	S2-100000028
S1-700000009	S3-500000023
S1-700000009	S3-500000024
S1-700000010	S3-500000026
S1-700000011	S2-100000037
S1-700000012	S3-500000032
S1-700000013	S3-500000035
S1-700000013	S2-100000045
S1-700000014	S2-100000048
S1-700000014	S3-500000038
S1-700000015	S2-100000051
S1-700000016	S3-500000042
S1-700000016	S3-500000043
S1-700000017	S2-100000057
S1-700000018	S2-100000059
S1-700000018	S2-100000060
S1-700000019	S2-100000062
S1-700000020	S2-100000065
S1-700000020	S2-100000066
S1-700000021	S3-500000060
S1-700000021	S3-500000061
S1-700000022	S3-500000064
S1-700000023	S3-500000069
S1-700000023	S3-500000070
S1-700000024	S2-100000073
S1-700000024	S3-500000073
S1-700000025	S2-100000077
S1-700000026	S3-500000078
S1-700000027	S3-500000082
S1-700000027	S3-500000083
S1-700000028	S2-100000083
S1-700000028	S3-500000087
S1-700000029	S3-500000090
S1-700000030	S3-500000094
S1-700000030	S2-100000088
S1-700000031	S2-100000091
S1-700000032	S2-100000093
S1-700000033	S3-500000104
S1-700000034	S3-500000107
S1-700000035	S3-500000111
S1-700000035	S3-500000112
S1-700000036	S3-500000117
S1-700000036	S3-500000118
S1-700000037	S2-100000103
S1-700000038	S2-100000109
S1-700000038	S3-500000121
S1-700000039	S3-500000125
S1-700000040	S3-500000129
S1-700000040	S3-500000130
S1-700000041	S3-500000131
S1-700000042	S2-100000119
S1-700000043	S2-100000123
S1-700000044	S3-500000140
S1-700000044	S2-100000126
S1-700000045	S2-100000129
S1-700000046	S2-100000131
S1-700000046	S3-500000147
S1-700000047	S3-500000150
S1-700000047	S2-100000134
S1-700000048	S2-100000136
S1-700000048	S2-100000137
S1-700000049	S3-500000156
S1-700000050	S2-100000143
S1-700000051	S2-100000147
S1-700000051	S3-500000161
S1-700000052	S2-100000151
S1-700000053	S2-100000155
S1-700000053	S3-500000165
S1-700000054	S2-100000159
S1-700000054	S3-500000167
S1-700000055	S3-500000171
S1-700000055	S3-500000172
S1-700000056	S3-500000176
S1-700000056	S2-100000162
S1-700000057	S2-100000165
S1-700000057	S2-100000166
S1-700000058	S2-100000170
S1-700000059	S2-100000174
S1-700000059	S3-500000182
S1-700000060	S3-500000184
S1-700000060	S3-500000185
S1-700000061	S3-500000188
S1-700000062	S3-500000193
S1-700000062	S3-500000194
S1-700000063	S3-500000197
S1-700000064	S3-500000203
S1-700000064	S2-100000183
S1-700000065	S2-100000187
S1-700000066	S3-500000209
S1-700000066	S2-100000189
S1-700000067	S3-500000213
S1-700000067	S2-100000191
S1-700000068	S2-100000195
S1-700000068	S2-100000196
S1-700000069	S3-500000216
S1-700000069	S2-100000200
S1-700000070	S3-500000219
S1-700000070	S3-500000220
S1-700000071	S2-100000206
S1-700000072	S2-100000209
S1-700000073	S3-500000228
S1-700000073	S2-100000212
S1-700000074	S2-100000216
S1-700000075	S3-500000233
S1-700000076	S3-500000239
S1-700000077	S2-100000219
S1-700000078	S3-500000248
S1-700000079	S2-100000225
S1-700000080	S2-100000230
S1-700000081	S3-500000254
S1-700000082	S3-500000259
S1-700000083	S3-500000263
S1-700000083	S2-100000237
S1-700000084	S3-500000266
S1-700000085	S2-100000243
S1-700000085	S2-100000244
S1-700000086	S3-500000271
S1-700000087	S3-500000274
S1-700000087	S2-100000250
S1-700000088	S3-500000277
S1-700000088	S2-100000253
S1-700000089	S2-100000256
S1-700000090	S3-500000282
S1-700000090	S3-500000283
S1-700000091	S2-100000261
S1-700000091	S2-100000262
S1-700000092	S3-500000289
S1-700000093	S3-500000294
S1-700000094	S2-100000266
S1-700000095	S2-100000270
S1-700000096	S3-500000304
S1-700000097	S2-100000274
S1-700000098	S3-500000311
S1-700000098	S2-100000279
S1-700000099	S2-100000280
S1-700000100	S3-500000318
S1-700000101	S3-500000320
S1-700000102	S3-500000323
S1-700000102	S2-100000291
S1-700000103	S3-500000325
S1-700000103	S3-500000326
S1-700000104	S2-100000299
S1-700000104	S2-100000300
S1-700000105	S2-100000303
S1-700000106	S3-500000332
S1-700000107	S2-100000308
S1-700000108	S2-100000313
S1-700000109	S3-500000339
S1-700000109	S2-100000317
S1-700000110	S3-500000343
S1-700000111	S3-500000346
S1-700000112	S2-100000323
S1-700000113	S2-100000325
S1-700000113	S2-100000326
S1-700000114	S2-100000330
S1-700000115	S2-100000334
S1-700000116	S3-500000362
S1-700000116	S2-100000336
S1-700000117	S2-100000340
S1-700000118	S2-100000345
S1-700000119	S3-500000367
S1-700000119	S2-100000349
S1-700000120	S3-500000372
S1-700000121	S3-500000374
S1-700000121	S3-500000375
S1-700000122	S2-100000356
S1-700000122	S2-100000357
S1-700000123	S2-100000359
S1-700000124	S2-100000362
S1-700000125	S2-100000366
S1-700000125	S2-100000367
S1-700000126	S2-100000371
S1-700000127	S3-500000388
S1-700000128	S3-500000391
S1-700000129	S2-100000383
S1-700000130	S3-500000397
S1-700000131	S3-500000401
S1-700000132	S3-500000404
S1-700000132	S2-100000390
S1-700000133	S2-100000393
S1-700000133	S3-500000407
S1-700000134	S3-500000410
S1-700000134	S2-100000396
S1-700000135	S2-100000399
S1-700000136	S2-100000402
S1-700000136	S2-100000403
S1-700000137	S3-500000418
S1-700000138	S2-100000408
S1-700000138	S2-100000409
S1-700000139	S3-500000424
S1-700000140	S2-100000415
S1-700000140	S3-500000427
S1-700000141	S2-100000419
S1-700000142	S3-500000433
S1-700000143	S2-100000424
S1-700000144	S3-500000438
S1-700000144	S2-100000428
S1-700000145	S3-500000441
S1-700000146	S3-500000444
S1-700000146	S3-500000445
S1-700000147	S2-100000436
S1-700000148	S2-100000441
S1-700000149	S2-100000444
S1-700000150	S2-100000446
S1-700000151	S3-500000459
S1-700000152	S3-500000463
S1-700000152	S2-100000451
S1-700000153	S2-100000452
S1-700000153	S2-100000453
S1-700000154	S3-500000470
S1-700000154	S3-500000471
S1-700000155	S3-500000472
S1-700000156	S3-500000477
S1-700000157	S3-500000482
S1-700000158	S3-500000487
S1-700000158	S2-100000463
S1-700000159	S2-100000467
S1-700000159	S3-500000489
S1-700000160	S3-500000493
S1-700000160	S2-100000469
S1-700000161	S3-500000496
S1-700000161	S3-500000497
S1-700000162	S2-100000474
S1-700000163	S2-100000478
S1-700000164	S2-100000483
S1-700000165	S3-500000504
S1-700000165	S2-100000488
S1-700000166	S3-500000508
S1-700000166	S3-500000509
S1-700000167	S2-100000492
S1-700000168	S2-100000494
S1-700000169	S3-500000518
S1-700000169	S3-500000519
S1-700000170	S2-100000500
S1-700000170	S3-500000522
S1-700000171	S2-100000504
S1-700000172	S2-100000509
S1-700000172	S3-500000525
S1-700000173	S2-100000512
S1-700000173	S2-100000513
S1-700000174	S2-100000516
S1-700000174	S2-100000517
S1-700000175	S2-100000520
S1-700000175	S3-500000532
S1-700000176	S2-100000525
S1-700000176	S3-500000533
S1-700000177	S2-100000527
S1-700000178	S2-100000531
S1-700000178	S2-100000532
S1-700000179	S2-100000534
S1-700000180	S2-100000537
S1-700000181	S2-100000540
S1-700000182	S3-500000551
S1-700000183	S2-100000547
S1-700000184	S2-100000550
S1-700000185	S3-500000559
S1-700000186	S3-500000563
S1-700000186	S2-100000555
S1-700000187	S3-500000566
S1-700000187	S3-500000567
S1-700000188	S2-100000561
S1-700000189	S3-500000571
S1-700000190	S3-500000575
S1-700000191	S2-100000568
S1-700000192	S3-500000582
S1-700000192	S3-500000583
S1-700000193	S2-100000574
S1-700000193	S3-500000586
S1-700000194	S3-500000589
S1-700000194	S2-100000577
S1-700000195	S2-100000579
S1-700000195	S3-500000593
S1-700000196	S3-500000597
S1-700000196	S2-100000581
S1-700000197	S2-100000583
S1-700000197	S2-100000584
S1-700000198	S2-100000587
S1-700000198	S2-100000588
S1-700000199	S3-500000604
S1-700000200	S2-100000594
S1-700000201	S2-100000600
S1-700000202	S2-100000602
S1-700000202	S3-500000612
S1-700000203	S3-500000615
S1-700000203	S2-100000605
S1-700000204	S3-500000618
S1-700000205	S2-100000611
S1-700000206	S3-500000621
S1-700000207	S2-100000621
S1-700000207	S3-500000623
S1-700000208	S3-500000626
S1-700000209	S2-100000628
S1-700000209	S3-500000628
S1-700000210	S3-500000629
S1-700000211	S2-100000634
S1-700000212	S3-500000637
S1-700000213	S2-100000639
S1-700000213	S2-100000640
S1-700000214	S3-500000643
S1-700000214	S2-100000643
S1-700000215	S3-500000645
S1-700000216	S3-500000650
S1-700000216	S2-100000648
S1-700000217	S3-500000653
S1-700000217	S3-500000654
S1-700000218	S2-100000653
S1-700000218	S2-100000654
S1-700000219	S3-500000659
S1-700000220	S3-500000664
S1-700000221	S2-100000660
S1-700000222	S3-500000671
S1-700000222	S2-100000663
S1-700000223	S2-100000666
S1-700000224	S3-500000675
S1-700000225	S2-100000675
S1-700000226	S3-500000679
S1-700000227	S3-500000683
S1-700000227	S3-500000684
S1-700000228	S3-500000688
S1-700000228	S3-500000689
S1-700000229	S3-500000693
S1-700000229	S3-500000694
S1-700000230	S2-100000684
S1-700000230	S3-500000698
S1-700000231	S3-500000703
S1-700000231	S3-500000704
S1-700000232	S3-500000707
S1-700000232	S2-100000687
S1-700000233	S3-500000710
S1-700000233	S3-500000711
S1-700000234	S3-500000715
S1-700000234	S2-100000691
S1-700000235	S3-500000719
S1-700000235	S3-500000720
S1-700000236	S2-100000695
S1-700000237	S3-500000726
S1-700000238	S3-500000729
S1-700000238	S2-100000701
S1-700000239	S3-500000733
S1-700000239	S2-100000703
S1-700000240	S3-500000735
S1-700000240	S3-500000736
S1-700000241	S2-100000708
S1-700000242	S3-500000743
S1-700000243	S2-100000713
S1-700000243	S2-100000714
S1-700000244	S3-500000751
S1-700000244	S3-500000752
S1-700000245	S2-100000716
S1-700000245	S2-100000717
S1-700000246	S3-500000758
S1-700000247	S3-500000760
S1-700000248	S3-500000766
S1-700000249	S2-100000727
S1-700000250	S3-500000773
S1-700000250	S2-100000729
S1-700000251	S2-100000733
S1-700000251	S2-100000734
S1-700000252	S3-500000779
S1-700000253	S3-500000785
S1-700000254	S2-100000738
S1-700000254	S2-100000739
S1-700000255	S2-100000742
S1-700000256	S2-100000747
S1-700000257	S3-500000794
S1-700000257	S3-500000795
S1-700000258	S2-100000751
S1-700000259	S3-500000800
S1-700000260	S2-100000757
S1-700000260	S2-100000758
S1-700000261	S2-100000760
S1-700000261	S2-100000761
S1-700000262	S3-500000812
S1-700000263	S3-500000816
S1-700000264	S3-500000821
S1-700000265	S2-100000767
S1-700000266	S3-500000828
S1-700000267	S2-100000772
S1-700000267	S2-100000773
S1-700000268	S3-500000834
S1-700000269	S3-500000837
S1-700000270	S2-100000782
S1-700000270	S2-100000783
S1-700000271	S2-100000787
S1-700000272	S3-500000843
S1-700000273	S3-500000846
S1-700000273	S2-100000794
S1-700000274	S3-500000849
S1-700000274	S3-500000850
S1-700000275	S2-100000801
S1-700000276	S2-100000805
S1-700000276	S2-100000806
S1-700000277	S2-100000809
S1-700000277	S3-500000855
S1-700000278	S2-100000811
S1-700000279	S3-500000863
S1-700000280	S3-500000866
S1-700000281	S2-100000819
S1-700000281	S3-500000869
S1-700000282	S2-100000822
S1-700000283	S2-100000827
S1-700000284	S2-100000828
S1-700000284	S3-500000878
S1-700000285	S3-500000879
S1-700000285	S2-100000833
S1-700000286	S2-100000834
S1-700000286	S2-100000835
S1-700000287	S3-500000885
S1-700000288	S2-100000842
S1-700000288	S3-500000888
S1-700000289	S3-500000892
S1-700000290	S2-100000846
S1-700000290	S2-100000847
S1-700000291	S2-100000850
S1-700000291	S2-100000851
S1-700000292	S2-100000856
S1-700000293	S3-500000901
S1-700000293	S3-500000902
S1-700000294	S3-500000906
S1-700000295	S3-500000909
S1-700000296	S3-500000913
S1-700000297	S2-100000869
S1-700000298	S3-500000917
S1-700000298	S3-500000918
S1-700000299	S2-100000876
S1-700000299	S3-500000920
S1-700000300	S2-100000878
S1-700000301	S2-100000881
S1-700000301	S3-500000927
S1-700000302	S2-100000884
S1-700000302	S3-500000930
S1-700000303	S2-100000888
S1-700000303	S2-100000889
S1-700000304	S3-500000935
S1-700000305	S3-500000939
S1-700000305	S2-100000893
S1-700000306	S2-100000896
S1-700000306	S3-500000942
S1-700000307	S2-100000900
S1-700000308	S2-100000903
S1-700000309	S2-100000908
S1-700000309	S3-500000948
S1-700000310	S2-100000913
S1-700000310	S3-500000949
S1-700000311	S2-100000918
S1-700000311	S2-100000919
S1-700000312	S2-100000921
S1-700000312	S3-500000953
S1-700000313	S3-500000955
S1-700000313	S3-500000956
S1-700000314	S3-500000959
S1-700000315	S3-500000960
S1-700000315	S3-500000961
S1-700000316	S3-500000963
S1-700000316	S2-100000935
S1-700000317	S3-500000966
S1-700000318	S2-100000941
S1-700000318	S2-100000942
S1-700000319	S3-500000972
S1-700000320	S3-500000973
S1-700000321	S2-100000952
S1-700000321	S2-100000953
S1-700000322	S3-500000977
S1-700000322	S2-100000957
S1-700000323	S3-500000980
S1-700000323	S2-100000960
S1-700000324	S2-100000964
S1-700000325	S3-500000984
S1-700000326	S3-500000989
S1-700000326	S2-100000969
S1-700000327	S3-500000991
S1-700000328	S2-100000975
S1-700000329	S3-500000997
S1-700000330	S3-500001001
S1-700000331	S3-500001004
S1-700000332	S3-500001008
S1-700000333	S3-500001011
S1-700000333	S3-500001012
S1-700000334	S3-500001013
S1-700000335	S2-100000997
S1-700000335	S2-100000998
S1-700000336	S2-100001001
S1-700000337	S3-500001019
S1-700000337	S2-100001005
S1-700000338	S3-500001022
S1-700000338	S2-100001008
S1-700000339	S3-500001026
S1-700000339	S2-100001010
S1-700000340	S3-500001030
S1-700000340	S2-100001012
S1-700000341	S3-500001034
S1-700000342	S3-500001038
S1-700000342	S3-500001039
S1-700000343	S2-100001018
S1-700000343	S3-500001042
S1-700000344	S2-100001020
S1-700000345	S3-500001050
S1-700000345	S2-100001022
S1-700000346	S3-500001053
S1-700000346	S3-500001054
S1-700000347	S3-500001055
S1-700000347	S2-100001029
S1-700000348	S2-100001034
S1-700000349	S3-500001060
S1-700000349	S3-500001061
S1-700000350	S2-100001038
S1-700000350	S3-500001064
S1-700000351	S3-500001067
S1-700000351	S2-100001041
S1-700000352	S3-500001071
S1-700000353	S2-100001045
S1-700000353	S2-100001046
S1-700000354	S2-100001050
S1-700000354	S2-100001051
S1-700000355	S3-500001079
S1-700000356	S2-100001056
S1-700000357	S3-500001085
S1-700000357	S2-100001059
S1-700000358	S2-100001062
S1-700000358	S3-500001088
S1-700000359	S2-100001066
S1-700000359	S3-500001090
S1-700000360	S2-100001068
S1-700000361	S2-100001070
S1-700000361	S3-500001098
S1-700000362	S3-500001100
S1-700000363	S2-100001075
S1-700000364	S3-500001109
S1-700000365	S2-100001081
S1-700000366	S3-500001114
S1-700000367	S3-500001117
S1-700000368	S3-500001122
S1-700000368	S3-500001123
S1-700000369	S2-100001090
S1-700000370	S2-100001095
S1-700000371	S3-500001129
S1-700000372	S2-100001100
S1-700000372	S3-500001134
S1-700000373	S2-100001105
S1-700000373	S2-100001106
S1-700000374	S2-100001109
S1-700000375	S2-100001114
S1-700000375	S3-500001138
S1-700000376	S2-100001118
S1-700000377	S2-100001120
S1-700000378	S3-500001148
S1-700000378	S3-500001149
S1-700000379	S2-100001124
S1-700000379	S3-500001152
S1-700000380	S3-500001156
S1-700000381	S3-500001161
S1-700000382	S2-100001129
S1-700000382	S3-500001165
S1-700000383	S2-100001131
S1-700000383	S3-500001169
S1-700000384	S3-500001171
S1-700000384	S3-500001172
S1-700000385	S2-100001136
S1-700000386	S2-100001138
S1-700000386	S3-500001180
S1-700000387	S3-500001182
S1-700000388	S2-100001144
S1-700000389	S3-500001189
S1-700000390	S2-100001148
S1-700000390	S3-500001194
S1-700000391	S2-100001151
S1-700000392	S2-100001155
S1-700000393	S2-100001157
S1-700000393	S3-500001203
S1-700000394	S3-500001207
S1-700000394	S2-100001159
S1-700000395	S2-100001164
S1-700000396	S2-100001168
S1-700000397	S3-500001214
S1-700000397	S2-100001170
S1-700000398	S2-100001174
S1-700000398	S3-500001216
S1-700000399	S2-100001177
S1-700000399	S2-100001178
S1-700000400	S2-100001181
S1-700000400	S2-100001182
S1-700000401	S2-100001186
S1-700000402	S2-100001188
S1-700000403	S2-100001192
S1-700000403	S3-500001228
S1-700000404	S2-100001197
S1-700000405	S2-100001200
S1-700000405	S2-100001201
S1-700000406	S3-500001236
S1-700000407	S3-500001240
S1-700000408	S2-100001207
S1-700000409	S2-100001209
S1-700000410	S3-500001249
S1-700000411	S2-100001215
S1-700000411	S3-500001253
S1-700000412	S3-500001257
S1-700000412	S3-500001258
S1-700000413	S2-100001220
S1-700000413	S2-100001221
S1-700000414	S3-500001261
S1-700000414	S2-100001225
S1-700000415	S3-500001263
S1-700000415	S3-500001264
S1-700000416	S3-500001267
S1-700000416	S3-500001268
S1-700000417	S3-500001271
S1-700000418	S2-100001234
S1-700000419	S2-100001236
S1-700000419	S2-100001237
S1-700000420	S3-500001282
S1-700000420	S2-100001240
S1-700000421	S2-100001242
S1-700000422	S3-500001289
S1-700000422	S2-100001245
S1-700000423	S2-100001248
S1-700000423	S3-500001292
S1-700000424	S2-100001251
S1-700000425	S2-100001255
S1-700000426	S3-500001299
S1-700000427	S3-500001304
S1-700000428	S3-500001308
S1-700000428	S3-500001309
S1-700000429	S3-500001314
S1-700000429	S2-100001262
S1-700000430	S3-500001319
S1-700000431	S3-500001322
S1-700000431	S2-100001266
S1-700000432	S3-500001326
S1-700000432	S3-500001327
S1-700000433	S3-500001329
S1-700000433	S3-500001330
S1-700000434	S2-100001271
S1-700000434	S2-100001272
S1-700000435	S3-500001337
S1-700000436	S2-100001278
S1-700000437	S3-500001344
S1-700000438	S2-100001283
S1-700000438	S2-100001284
S1-700000439	S2-100001286
S1-700000440	S2-100001290
S1-700000441	S2-100001293
S1-700000441	S3-500001355
S1-700000442	S2-100001295
S1-700000443	S3-500001361
S1-700000443	S2-100001299
S1-700000444	S2-100001303
S1-700000444	S2-100001304
S1-700000445	S3-500001365
S1-700000445	S3-500001366
S1-700000446	S3-500001369
S1-700000446	S3-500001370
S1-700000447	S2-100001311
S1-700000448	S3-500001374
S1-700000448	S3-500001375
S1-700000449	S3-500001378
S1-700000449	S2-100001318
S1-700000450	S3-500001382
S1-700000451	S2-100001322
S1-700000451	S2-100001323
S1-700000452	S3-500001388
S1-700000452	S3-500001389
S1-700000453	S2-100001329
S1-700000453	S3-500001391
S1-700000454	S3-500001393
S1-700000454	S3-500001394
S1-700000455	S3-500001396
S1-700000456	S2-100001337
S1-700000457	S3-500001402
S1-700000458	S2-100001344
S1-700000459	S3-500001409
S1-700000460	S2-100001349
S1-700000461	S3-500001417
S1-700000462	S2-100001354
S1-700000463	S3-500001421
S1-700000463	S3-500001422
S1-700000464	S2-100001362
S1-700000464	S2-100001363
S1-700000465	S3-500001427
S1-700000466	S3-500001432
S1-700000466	S3-500001433
S1-700000467	S2-100001368
S1-700000467	S3-500001436
S1-700000468	S2-100001370
S1-700000469	S3-500001442
S1-700000470	S3-500001444
S1-700000470	S2-100001378
S1-700000471	S3-500001448
S1-700000471	S3-500001449
S1-700000472	S3-500001453
S1-700000472	S3-500001454
S1-700000473	S2-100001383
S1-700000473	S3-500001457
S1-700000474	S2-100001388
S1-700000474	S2-100001389
S1-700000475	S3-500001459
S1-700000475	S2-100001393
S1-700000476	S3-500001462
S1-700000476	S3-500001463
S1-700000477	S2-100001398
S1-700000477	S2-100001399
S1-700000478	S3-500001469
S1-700000479	S3-500001475
S1-700000480	S3-500001478
S1-700000481	S3-500001482
S1-700000481	S3-500001483
S1-700000482	S3-500001485
S1-700000483	S2-100001413
S1-700000484	S2-100001416
S1-700000485	S3-500001493
S1-700000485	S3-500001494
S1-700000486	S3-500001498
S1-700000486	S2-100001420
S1-700000487	S2-100001422
S1-700000488	S2-100001425
S1-700000488	S2-100001426
S1-700000489	S3-500001508
S1-700000489	S2-100001428
S1-700000490	S3-500001511
S1-700000491	S2-100001433
S1-700000492	S3-500001517
S1-700000493	S2-100001441
S1-700000493	S3-500001519
S1-700000494	S2-100001445
S1-700000494	S3-500001521
S1-700000495	S3-500001525
S1-700000496	S2-100001450
S1-700000496	S2-100001451
S1-700000497	S2-100001454
S1-700000497	S3-500001530
S1-700000498	S2-100001457
S1-700000499	S2-100001461
S1-700000500	S2-100001464
S1-700000500	S3-500001538
S1-700000501	S3-500001542
S1-700000502	S3-500001547
S1-700000503	S2-100001468
S1-700000503	S3-500001552
S1-700000504	S2-100001470
S1-700000505	S2-100001474
S1-700000506	S3-500001561
S1-700000507	S2-100001478
S1-700000508	S2-100001482
S1-700000509	S2-100001487
S1-700000510	S2-100001491
S1-700000511	S3-500001575
S1-700000512	S3-500001577
S1-700000512	S3-500001578
S1-700000513	S3-500001580
S1-700000513	S3-500001581
S1-700000514	S2-100001503
S1-700000514	S3-500001583
S1-700000515	S3-500001586
S1-700000515	S3-500001587
S1-700000516	S2-100001506
S1-700000517	S2-100001510
S1-700000517	S3-500001594
S1-700000518	S3-500001597
S1-700000519	S2-100001516
S1-700000519	S3-500001600
S1-700000520	S2-100001519
S1-700000521	S2-100001523
S1-700000521	S3-500001605
S1-700000522	S3-500001608
S1-700000523	S3-500001611
S1-700000523	S3-500001612
S1-700000524	S2-100001533
S1-700000524	S2-100001534
S1-700000525	S2-100001536
S1-700000525	S2-100001537
S1-700000526	S2-100001539
S1-700000526	S3-500001619
S1-700000527	S3-500001621
S1-700000528	S2-100001545
S1-700000529	S3-500001627
S1-700000530	S2-100001551
S1-700000531	S2-100001555
S1-700000532	S3-500001635
S1-700000533	S2-100001560
S1-700000534	S2-100001565
S1-700000535	S2-100001570
S1-700000535	S3-500001642
S1-700000536	S2-100001574
S1-700000537	S2-100001579
S1-700000537	S2-100001580
S1-700000538	S2-100001584
S1-700000538	S2-100001585
S1-700000539	S3-500001648
S1-700000540	S3-500001652
S1-700000541	S3-500001654
S1-700000542	S3-500001657
S1-700000543	S2-100001602
S1-700000544	S2-100001607
S1-700000544	S2-100001608
S1-700000545	S3-500001661
S1-700000545	S3-500001662
S1-700000546	S3-500001666
S1-700000547	S3-500001669
S1-700000548	S3-500001673
S1-700000549	S3-500001677
S1-700000549	S3-500001678
S1-700000550	S3-500001679
S1-700000551	S3-500001680
S1-700000551	S3-500001681
S1-700000552	S2-100001631
S1-700000553	S3-500001685
S1-700000553	S2-100001635
S1-700000554	S2-100001638
S1-700000555	S2-100001643
S1-700000556	S2-100001647
S1-700000556	S3-500001691
S1-700000557	S2-100001649
S1-700000557	S2-100001650
S1-700000558	S2-100001654
S1-700000558	S2-100001655
S1-700000559	S3-500001697
S1-700000560	S2-100001662
S1-700000561	S2-100001665
S1-700000561	S2-100001666
S1-700000562	S2-100001668
S1-700000562	S3-500001706
S1-700000563	S3-500001710
S1-700000564	S2-100001674
S1-700000564	S3-500001712
S1-700000565	S2-100001678
S1-700000565	S2-100001679
S1-700000566	S2-100001682
S1-700000566	S2-100001683
S1-700000567	S3-500001718
S1-700000567	S2-100001686
S1-700000568	S2-100001689
S1-700000569	S3-500001723
S1-700000569	S3-500001724
S1-700000570	S3-500001728
S1-700000570	S2-100001694
S1-700000571	S3-500001733
S1-700000572	S2-100001696
S1-700000572	S2-100001697
S1-700000573	S3-500001741
S1-700000574	S2-100001701
S1-700000575	S3-500001748
S1-700000575	S3-500001749
S1-700000576	S3-500001752
S1-700000576	S3-500001753
S1-700000577	S2-100001706
S1-700000577	S3-500001758
S1-700000578	S2-100001711
S1-700000578	S3-500001759
S1-700000579	S3-500001762
S1-700000580	S3-500001765
S1-700000581	S2-100001720
S1-700000581	S2-100001721
S1-700000582	S2-100001725
S1-700000583	S3-500001773
S1-700000584	S3-500001777
S1-700000584	S2-100001729
S1-700000585	S2-100001733
S1-700000586	S2-100001737
S1-700000587	S2-100001741
S1-700000588	S2-100001745
S1-700000589	S2-100001748
S1-700000590	S2-100001751
S1-700000590	S2-100001752
S1-700000591	S3-500001791
S1-700000591	S2-100001757
S1-700000592	S3-500001794
S1-700000593	S3-500001795
S1-700000593	S2-100001765
S1-700000594	S3-500001797
S1-700000595	S2-100001771
S1-700000595	S3-500001801
S1-700000596	S2-100001775
S1-700000596	S2-100001776
S1-700000597	S3-500001806
S1-700000598	S2-100001781
S1-700000599	S2-100001782
S1-700000599	S3-500001814
S1-700000600	S2-100001784
S1-700000600	S3-500001818
S1-700000601	S2-100001789
S1-700000601	S2-100001790
S1-700000602	S2-100001792
S1-700000603	S2-100001797
S1-700000603	S3-500001823
S1-700000604	S3-500001825
S1-700000605	S3-500001827
S1-700000605	S2-100001805
S1-700000606	S3-500001831
S1-700000606	S3-500001832
S1-700000607	S3-500001835
S1-700000607	S2-100001809
S1-700000608	S3-500001840
S1-700000608	S2-100001810
S1-700000609	S2-100001812
S1-700000610	S2-100001815
S1-700000610	S2-100001816
S1-700000611	S2-100001820
S1-700000612	S2-100001824
S1-700000613	S3-500001853
S1-700000614	S3-500001856
S1-700000615	S3-500001861
S1-700000616	S2-100001833
S1-700000616	S2-100001834
S1-700000617	S2-100001838
S1-700000618	S3-500001869
S1-700000619	S3-500001872
S1-700000619	S3-500001873
S1-700000620	S3-500001877
S1-700000620	S2-100001845
S1-700000621	S2-100001847
S1-700000621	S3-500001881
S1-700000622	S3-500001885
S1-700000623	S2-100001854
S1-700000623	S2-100001855
S1-700000624	S3-500001890
S1-700000625	S2-100001858
S1-700000625	S3-500001894
S1-700000626	S2-100001860
S1-700000627	S2-100001864
S1-700000627	S3-500001900
S1-700000628	S2-100001868
S1-700000629	S3-500001905
S1-700000630	S2-100001873
S1-700000630	S2-100001874
S1-700000631	S2-100001877
S1-700000632	S3-500001913
S1-700000633	S2-100001885
S1-700000633	S3-500001915
S1-700000634	S2-100001887
S1-700000635	S3-500001923
S1-700000636	S3-500001926
S1-700000637	S3-500001930
S1-700000637	S2-100001894
S1-700000638	S2-100001896
S1-700000639	S3-500001936
S1-700000639	S2-100001900
S1-700000640	S2-100001903
S1-700000641	S2-100001908
S1-700000642	S2-100001912
S1-700000642	S3-500001942
S1-700000643	S2-100001916
S1-700000643	S3-500001944
S1-700000644	S2-100001918
S1-700000645	S3-500001952
S1-700000646	S2-100001923
S1-700000647	S3-500001956
S1-700000647	S3-500001957
S1-700000648	S3-500001962
S1-700000648	S2-100001928
S1-700000649	S3-500001966
S1-700000650	S2-100001934
S1-700000650	S2-100001935
S1-700000651	S2-100001938
S1-700000652	S2-100001942
S1-700000652	S2-100001943
S1-700000653	S3-500001972
S1-700000653	S3-500001973
S1-700000654	S2-100001949
S1-700000655	S2-100001954
S1-700000656	S2-100001958
S1-700000657	S2-100001963
S1-700000657	S2-100001964
S1-700000658	S3-500001983
S1-700000658	S3-500001984
S1-700000659	S2-100001968
S1-700000659	S3-500001988
S1-700000660	S3-500001992
S1-700000660	S3-500001993
S1-700000661	S2-100001972
S1-700000661	S2-100001973
S1-700000662	S2-100001975
S1-700000663	S3-500002003
S1-700000664	S3-500002007
S1-700000664	S3-500002008
S1-700000665	S3-500002011
S1-700000666	S3-500002015
S1-700000667	S2-100001985
S1-700000668	S2-100001989
S1-700000668	S2-100001990
S1-700000669	S2-100001993
S1-700000670	S2-100001996
S1-700000671	S3-500002027
S1-700000671	S3-500002028
S1-700000672	S2-100002002
S1-700000673	S2-100002006
S1-700000673	S2-100002007
S1-700000674	S2-100002009
S1-700000675	S2-100002014
S1-700000675	S3-500002038
S1-700000676	S3-500002041
S1-700000676	S3-500002042
S1-700000677	S3-500002044
S1-700000677	S3-500002045
S1-700000678	S3-500002050
S1-700000679	S2-100002022
S1-700000679	S3-500002054
S1-700000680	S2-100002027
S1-700000681	S2-100002032
S1-700000682	S2-100002036
S1-700000683	S2-100002041
S1-700000684	S2-100002044
S1-700000685	S2-100002047
S1-700000685	S2-100002048
S1-700000686	S3-500002066
S1-700000687	S3-500002069
S1-700000688	S3-500002072
S1-700000689	S3-500002076
S1-700000689	S2-100002060
S1-700000690	S2-100002062
S1-700000690	S2-100002063
S1-700000691	S3-500002081
S1-700000692	S2-100002069
S1-700000692	S3-500002085
S1-700000693	S2-100002073
S1-700000694	S3-500002090
S1-700000694	S3-500002091
S1-700000695	S2-100002078
S1-700000696	S3-500002098
S1-700000697	S2-100002083
S1-700000697	S2-100002084
S1-700000698	S2-100002087
S1-700000698	S2-100002088
S1-700000699	S2-100002092
S1-700000700	S2-100002095
S1-700000701	S3-500002109
S1-700000701	S3-500002110
S1-700000702	S3-500002113
S1-700000703	S2-100002104
S1-700000703	S2-100002105
S1-700000704	S2-100002108
S1-700000705	S2-100002112
S1-700000705	S2-100002113
S1-700000706	S2-100002115
S1-700000706	S3-500002123
S1-700000707	S3-500002125
S1-700000708	S3-500002128
S1-700000709	S3-500002131
S1-700000709	S2-100002125
S1-700000710	S3-500002134
S1-700000711	S2-100002131
S1-700000712	S2-100002134
S1-700000712	S2-100002135
S1-700000713	S2-100002137
S1-700000713	S2-100002138
S1-700000714	S2-100002142
S1-700000715	S3-500002145
S1-700000716	S2-100002150
S1-700000717	S3-500002151
S1-700000717	S2-100002153
S1-700000718	S3-500002153
S1-700000719	S3-500002158
S1-700000719	S2-100002158
S1-700000720	S3-500002162
S1-700000720	S2-100002160
S1-700000721	S3-500002165
S1-700000721	S2-100002163
S1-700000722	S2-100002168
S1-700000722	S3-500002166
S1-700000723	S3-500002168
S1-700000723	S2-100002172
S1-700000724	S2-100002174
S1-700000725	S3-500002175
S1-700000726	S3-500002178
S1-700000727	S2-100002182
S1-700000727	S3-500002182
S1-700000728	S2-100002186
S1-700000728	S2-100002187
S1-700000729	S3-500002186
S1-700000729	S3-500002187
S1-700000730	S2-100002192
S1-700000730	S2-100002193
S1-700000731	S2-100002195
S1-700000732	S3-500002195
S1-700000733	S2-100002202
S1-700000734	S3-500002200
S1-700000734	S2-100002206
S1-700000735	S2-100002210
S1-700000736	S3-500002206
S1-700000736	S2-100002212
S1-700000737	S2-100002215
S1-700000738	S2-100002218
S1-700000738	S3-500002212
S1-700000739	S3-500002216
S1-700000740	S3-500002221
S1-700000741	S2-100002223
S1-700000742	S2-100002226
S1-700000742	S2-100002227
S1-700000743	S2-100002230
S1-700000744	S3-500002233
S1-700000744	S3-500002234
S1-700000745	S3-500002236
S1-700000745	S3-500002237
S1-700000746	S2-100002239
S1-700000746	S2-100002240
S1-700000747	S3-500002241
S1-700000748	S2-100002246
S1-700000749	S2-100002249
S1-700000749	S2-100002250
S1-700000750	S2-100002253
S1-700000750	S3-500002249
S1-700000751	S2-100002258
S1-700000752	S3-500002252
S1-700000752	S3-500002253
S1-700000753	S2-100002266
S1-700000754	S2-100002269
S1-700000754	S2-100002270
S1-700000755	S2-100002275
S1-700000756	S3-500002259
S1-700000756	S2-100002279
S1-700000757	S3-500002262
S1-700000758	S3-500002266
S1-700000759	S2-100002286
S1-700000760	S3-500002272
S1-700000760	S3-500002273
S1-700000761	S3-500002277
S1-700000762	S2-100002291
S1-700000763	S3-500002285
S1-700000764	S3-500002289
S1-700000765	S3-500002294
S1-700000766	S2-100002301
S1-700000767	S3-500002300
S1-700000768	S2-100002306
S1-700000768	S3-500002304
S1-700000769	S3-500002307
S1-700000770	S3-500002309
S1-700000771	S3-500002312
S1-700000771	S2-100002316
S1-700000772	S2-100002318
S1-700000772	S2-100002319
S1-700000773	S3-500002318
S1-700000774	S2-100002326
S1-700000774	S3-500002320
S1-700000775	S2-100002329
S1-700000775	S3-500002323
S1-700000776	S3-500002325
S1-700000776	S2-100002333
S1-700000777	S2-100002334
S1-700000777	S2-100002335
S1-700000778	S2-100002338
S1-700000779	S2-100002342
S1-700000780	S3-500002335
S1-700000780	S2-100002347
S1-700000781	S3-500002339
S1-700000782	S3-500002342
S1-700000782	S2-100002352
S1-700000783	S3-500002345
S1-700000784	S3-500002348
S1-700000785	S3-500002350
S1-700000786	S3-500002351
S1-700000786	S2-100002367
S1-700000787	S3-500002352
S1-700000788	S2-100002374
S1-700000789	S2-100002378
S1-700000789	S3-500002358
S1-700000790	S2-100002380
S1-700000790	S3-500002362
S1-700000791	S2-100002385
S1-700000792	S3-500002365
S1-700000792	S2-100002389
S1-700000793	S2-100002392
S1-700000794	S3-500002371
S1-700000795	S2-100002397
S1-700000795	S3-500002375
S1-700000796	S3-500002377
S1-700000796	S3-500002378
S1-700000797	S3-500002380
S1-700000798	S2-100002408
S1-700000799	S3-500002383
S1-700000800	S2-100002415
S1-700000801	S2-100002419
S1-700000801	S2-100002420
S1-700000802	S3-500002392
S1-700000802	S2-100002422
S1-700000803	S2-100002425
S1-700000804	S2-100002427
S1-700000805	S3-500002403
S1-700000805	S2-100002429
S1-700000806	S3-500002406
S1-700000806	S3-500002407
S1-700000807	S3-500002411
S1-700000807	S3-500002412
S1-700000808	S2-100002434
S1-700000809	S3-500002419
S1-700000810	S3-500002422
S1-700000810	S2-100002440
S1-700000811	S3-500002426
S1-700000812	S2-100002444
S1-700000812	S3-500002430
S1-700000813	S3-500002432
S1-700000813	S3-500002433
S1-700000814	S2-100002452
S1-700000814	S3-500002434
S1-700000815	S3-500002437
S1-700000816	S2-100002457
S1-700000817	S3-500002442
S1-700000817	S3-500002443
S1-700000818	S3-500002446
S1-700000818	S3-500002447
S1-700000819	S2-100002466
S1-700000820	S2-100002469
S1-700000820	S3-500002453
S1-700000821	S3-500002456
S1-700000822	S3-500002459
S1-700000822	S3-500002460
S1-700000823	S3-500002465
S1-700000824	S2-100002479
S1-700000825	S2-100002483
S1-700000826	S3-500002470
S1-700000826	S3-500002471
S1-700000827	S3-500002475
S1-700000827	S2-100002489
S1-700000828	S3-500002477
S1-700000829	S2-100002497
S1-700000829	S3-500002479
S1-700000830	S3-500002482
S1-700000831	S2-100002503
S1-700000831	S2-100002504
S1-700000832	S2-100002507
S1-700000833	S2-100002512
S1-700000834	S2-100002516
S1-700000835	S3-500002492
S1-700000836	S3-500002497
S1-700000837	S3-500002500
S1-700000838	S3-500002504
S1-700000839	S3-500002508
S1-700000840	S3-500002512
S1-700000841	S3-500002516
S1-700000842	S2-100002536
S1-700000843	S3-500002521
S1-700000844	S3-500002523
S1-700000845	S2-100002546
S1-700000846	S3-500002529
S1-700000846	S3-500002530
S1-700000847	S3-500002534
S1-700000847	S3-500002535
S1-700000848	S2-100002551
S1-700000848	S3-500002539
S1-700000849	S2-100002556
S1-700000850	S2-100002561
S1-700000850	S2-100002562
S1-700000851	S3-500002542
S1-700000852	S2-100002569
S1-700000853	S3-500002548
S1-700000854	S3-500002552
S1-700000854	S2-100002574
S1-700000855	S3-500002554
S1-700000856	S2-100002579
S1-700000856	S2-100002580
S1-700000857	S2-100002585
S1-700000857	S3-500002559
S1-700000858	S3-500002562
S1-700000859	S2-100002590
S1-700000860	S3-500002570
S1-700000860	S2-100002592
S1-700000861	S2-100002594
S1-700000861	S2-100002595
S1-700000862	S3-500002576
S1-700000863	S3-500002579
S1-700000864	S3-500002582
S1-700000864	S3-500002583
S1-700000865	S3-500002587
S1-700000866	S3-500002592
S1-700000867	S3-500002594
S1-700000868	S2-100002613
S1-700000868	S2-100002614
S1-700000869	S3-500002601
S1-700000870	S2-100002619
S1-700000871	S2-100002623
S1-700000871	S2-100002624
S1-700000872	S2-100002627
S1-700000873	S3-500002609
S1-700000873	S2-100002631
S1-700000874	S2-100002634
S1-700000874	S2-100002635
S1-700000875	S3-500002615
S1-700000875	S2-100002637
S1-700000876	S3-500002618
S1-700000877	S3-500002624
S1-700000878	S2-100002644
S1-700000879	S3-500002628
S1-700000879	S3-500002629
S1-700000880	S3-500002632
S1-700000881	S2-100002651
S1-700000882	S2-100002656
S1-700000883	S2-100002659
S1-700000884	S3-500002643
S1-700000885	S3-500002648
S1-700000885	S2-100002664
S1-700000886	S3-500002650
S1-700000886	S3-500002651
S1-700000887	S2-100002672
S1-700000887	S3-500002652
S1-700000888	S2-100002676
S1-700000889	S2-100002681
S1-700000889	S3-500002655
S1-700000890	S3-500002658
S1-700000890	S3-500002659
S1-700000891	S3-500002664
S1-700000892	S2-100002687
S1-700000892	S3-500002667
S1-700000893	S2-100002690
S1-700000894	S2-100002693
S1-700000895	S3-500002676
S1-700000896	S3-500002682
S1-700000896	S2-100002696
S1-700000897	S3-500002684
S1-700000898	S2-100002704
S1-700000899	S2-100002708
S1-700000900	S3-500002688
S1-700000900	S2-100002714
S1-700000901	S2-100002716
S1-700000902	S2-100002720
S1-700000903	S2-100002724
S1-700000904	S2-100002729
S1-700000905	S3-500002700
S1-700000906	S2-100002736
S1-700000906	S3-500002702
S1-700000907	S2-100002738
S1-700000907	S3-500002706
S1-700000908	S3-500002709
S1-700000909	S3-500002714
S1-700000910	S2-100002745
S1-700000910	S2-100002746
S1-700000911	S3-500002719
S1-700000911	S3-500002720
S1-700000912	S2-100002752
S1-700000912	S3-500002722
S1-700000913	S2-100002757
S1-700000913	S2-100002758
S1-700000914	S3-500002723
S1-700000914	S3-500002724
S1-700000915	S3-500002726
S1-700000916	S3-500002730
S1-700000916	S3-500002731
S1-700000917	S2-100002771
S1-700000918	S3-500002734
S1-700000918	S2-100002776
S1-700000919	S2-100002777
S1-700000919	S3-500002739
S1-700000920	S2-100002781
S1-700000921	S2-100002784
S1-700000922	S3-500002746
S1-700000922	S2-100002788
S1-700000923	S3-500002749
S1-700000924	S3-500002754
S1-700000924	S3-500002755
S1-700000925	S3-500002759
S1-700000925	S3-500002760
S1-700000926	S2-100002795
S1-700000926	S3-500002763
S1-700000927	S3-500002765
S1-700000927	S3-500002766
S1-700000928	S3-500002768
S1-700000929	S3-500002773
S1-700000929	S3-500002774
S1-700000930	S2-100002806
S1-700000930	S3-500002776
S1-700000931	S3-500002780
S1-700000932	S3-500002784
S1-700000933	S2-100002812
S1-700000934	S3-500002791
S1-700000935	S3-500002793
S1-700000936	S2-100002821
S1-700000937	S2-100002825
S1-700000938	S3-500002803
S1-700000938	S2-100002827
S1-700000939	S2-100002831
S1-700000940	S3-500002806
S1-700000941	S2-100002838
S1-700000942	S3-500002813
S1-700000943	S3-500002817
S1-700000943	S3-500002818
S1-700000944	S2-100002846
S1-700000944	S3-500002820
S1-700000945	S3-500002823
S1-700000945	S3-500002824
S1-700000946	S2-100002852
S1-700000947	S3-500002829
S1-700000947	S2-100002855
S1-700000948	S2-100002858
S1-700000949	S2-100002860
S1-700000950	S3-500002838
S1-700000951	S3-500002840
S1-700000952	S2-100002871
S1-700000953	S3-500002846
S1-700000954	S2-100002876
S1-700000955	S3-500002851
S1-700000956	S3-500002854
S1-700000956	S2-100002884
S1-700000957	S3-500002855
S1-700000957	S3-500002856
S1-700000958	S2-100002890
S1-700000958	S3-500002860
S1-700000959	S3-500002863
S1-700000959	S2-100002893
S1-700000960	S2-100002895
S1-700000960	S2-100002896
S1-700000961	S2-100002898
S1-700000961	S2-100002899
S1-700000962	S2-100002900
S1-700000963	S3-500002875
S1-700000964	S3-500002879
S1-700000964	S2-100002907
S1-700000965	S3-500002882
S1-700000965	S2-100002910
S1-700000966	S2-100002913
S1-700000966	S3-500002885
S1-700000967	S3-500002887
S1-700000967	S2-100002917
S1-700000968	S2-100002919
S1-700000968	S2-100002920
S1-700000969	S2-100002922
S1-700000969	S3-500002894
S1-700000970	S2-100002925
S1-700000970	S2-100002926
S1-700000971	S3-500002897
S1-700000972	S3-500002899
S1-700000972	S2-100002935
S1-700000973	S2-100002938
S1-700000973	S3-500002902
S1-700000974	S3-500002906
S1-700000974	S3-500002907
S1-700000975	S3-500002909
S1-700000975	S3-500002910
S1-700000976	S2-100002945
S1-700000977	S2-100002946
S1-700000977	S3-500002918
S1-700000978	S2-100002950
S1-700000979	S2-100002954
S1-700000980	S2-100002958
S1-700000980	S2-100002959
S1-700000981	S2-100002963
S1-700000982	S2-100002966
S1-700000983	S2-100002970
S1-700000983	S3-500002930
S1-700000984	S3-500002933
S1-700000985	S2-100002976
S1-700000986	S3-500002941
S1-700000987	S3-500002943
S1-700000987	S3-500002944
S1-700000988	S2-100002981
S1-700000989	S2-100002986
S1-700000989	S2-100002987
S1-700000990	S2-100002992
S1-700000991	S3-500002954
S1-700000991	S2-100002994
S1-700000992	S3-500002958
S1-700000992	S2-100002996
S1-700000993	S3-500002960
S1-700000993	S2-100003000
S1-700000994	S2-100003004
S1-700000994	S3-500002962
S1-700000995	S3-500002966
S1-700000995	S2-100003006
S1-700000996	S3-500002967
S1-700000996	S3-500002968
S1-700000997	S2-100003014
S1-700000997	S3-500002970
S1-700000998	S2-100003017
S1-700000998	S2-100003018
S1-700000999	S3-500002975
S1-700001000	S2-100003024
S1-700001001	S3-500002981
S1-700001002	S3-500002985
S1-700001002	S2-100003029
S1-700001003	S3-500002986
S1-700001004	S2-100003038
S1-700001004	S3-500002988
S1-700001005	S2-100003039
S1-700001005	S3-500002993
S1-700001006	S3-500002994
S1-700001006	S2-100003044
S1-700001007	S2-100003046
S1-700001007	S3-500002998
S1-700001008	S2-100003050
S1-700001009	S2-100003055
S1-700001010	S3-500003005
S1-700001011	S3-500003009
S1-700001011	S2-100003059
S1-700001012	S3-500003013
S1-700001012	S2-100003061
S1-700001013	S3-500003015
S1-700001014	S3-500003019
S1-700001015	S2-100003070
S1-700001015	S3-500003022
S1-700001016	S2-100003072
S1-700001016	S2-100003073
S1-700001017	S3-500003029
S1-700001017	S2-100003075
S1-700001018	S2-100003080
S1-700001019	S3-500003032
S1-700001019	S2-100003084
S1-700001020	S2-100003086
S1-700001020	S3-500003036
S1-700001021	S2-100003090
S1-700001022	S3-500003041
S1-700001022	S3-500003042
S1-700001023	S3-500003046
S1-700001024	S3-500003050
S1-700001025	S2-100003098
S1-700001025	S3-500003054
S1-700001026	S2-100003102
S1-700001027	S3-500003058
S1-700001027	S3-500003059
S1-700001028	S2-100003108
S1-700001028	S3-500003062
S1-700001029	S3-500003063
S1-700001029	S3-500003064
S1-700001030	S3-500003069
S1-700001031	S2-100003117
S1-700001032	S3-500003074
S1-700001033	S3-500003076
S1-700001033	S2-100003124
S1-700001034	S3-500003078
S1-700001035	S2-100003131
S1-700001036	S2-100003133
S1-700001036	S2-100003134
S1-700001037	S2-100003136
S1-700001037	S3-500003088
S1-700001038	S3-500003090
S1-700001038	S3-500003091
S1-700001039	S2-100003141
S1-700001040	S2-100003144
S1-700001040	S3-500003098
S1-700001041	S3-500003100
S1-700001042	S3-500003102
S1-700001043	S3-500003106
S1-700001044	S2-100003155
S1-700001045	S2-100003160
S1-700001046	S2-100003165
S1-700001047	S3-500003117
S1-700001047	S3-500003118
S1-700001048	S3-500003121
S1-700001049	S3-500003125
S1-700001050	S2-100003172
S1-700001050	S3-500003130
S1-700001051	S3-500003133
S1-700001051	S2-100003175
S1-700001052	S3-500003136
S1-700001052	S3-500003137
S1-700001053	S3-500003140
S1-700001053	S3-500003141
S1-700001054	S2-100003181
S1-700001055	S3-500003148
S1-700001056	S2-100003188
S1-700001056	S3-500003150
S1-700001057	S2-100003191
S1-700001057	S3-500003153
S1-700001058	S3-500003156
S1-700001058	S3-500003157
S1-700001059	S2-100003197
S1-700001059	S2-100003198
S1-700001060	S2-100003201
S1-700001060	S2-100003202
S1-700001061	S2-100003205
S1-700001062	S3-500003166
S1-700001063	S2-100003211
S1-700001063	S2-100003212
S1-700001064	S2-100003214
S1-700001065	S2-100003218
S1-700001065	S3-500003174
S1-700001066	S3-500003177
S1-700001067	S2-100003223
S1-700001068	S2-100003225
S1-700001069	S3-500003186
S1-700001070	S3-500003192
S1-700001070	S2-100003230
S1-700001071	S3-500003194
S1-700001071	S3-500003195
S1-700001072	S2-100003237
S1-700001072	S2-100003238
S1-700001073	S2-100003242
S1-700001074	S2-100003245
S1-700001075	S2-100003250
S1-700001076	S2-100003254
S1-700001077	S2-100003257
S1-700001077	S2-100003258
S1-700001078	S2-100003261
S1-700001079	S3-500003211
S1-700001080	S2-100003267
S1-700001081	S2-100003271
S1-700001082	S2-100003273
S1-700001082	S3-500003221
S1-700001083	S3-500003224
S1-700001083	S2-100003276
S1-700001084	S2-100003279
S1-700001084	S3-500003227
S1-700001085	S3-500003229
S1-700001086	S2-100003284
S1-700001086	S2-100003285
S1-700001087	S2-100003288
S1-700001088	S2-100003293
S1-700001089	S3-500003241
S1-700001090	S2-100003297
S1-700001090	S3-500003245
S1-700001091	S3-500003247
S1-700001092	S2-100003303
S1-700001093	S3-500003254
S1-700001094	S3-500003259
S1-700001095	S3-500003263
S1-700001095	S3-500003264
S1-700001096	S2-100003312
S1-700001096	S2-100003313
S1-700001097	S2-100003318
S1-700001097	S2-100003319
S1-700001098	S2-100003323
S1-700001098	S3-500003267
S1-700001099	S3-500003271
S1-700001100	S2-100003327
S1-700001100	S3-500003275
S1-700001101	S2-100003330
S1-700001101	S3-500003278
S1-700001102	S2-100003332
S1-700001103	S3-500003285
S1-700001103	S2-100003335
S1-700001104	S2-100003338
S1-700001105	S3-500003291
S1-700001106	S3-500003295
S1-700001106	S2-100003343
S1-700001107	S3-500003299
S1-700001107	S3-500003300
S1-700001108	S2-100003348
S1-700001109	S3-500003302
S1-700001109	S2-100003354
S1-700001110	S3-500003306
S1-700001111	S3-500003308
S1-700001112	S3-500003311
S1-700001113	S2-100003368
S1-700001113	S2-100003369
S1-700001114	S2-100003372
S1-700001115	S3-500003317
S1-700001116	S3-500003322
S1-700001116	S2-100003376
S1-700001117	S3-500003326
S1-700001117	S3-500003327
S1-700001118	S3-500003331
S1-700001118	S2-100003379
S1-700001119	S3-500003336
S1-700001120	S3-500003338
S1-700001121	S2-100003387
S1-700001122	S3-500003345
S1-700001122	S2-100003389
S1-700001123	S3-500003348
S1-700001123	S2-100003392
S1-700001124	S2-100003395
S1-700001124	S2-100003396
S1-700001125	S2-100003399
S1-700001125	S3-500003353
S1-700001126	S3-500003357
S1-700001127	S3-500003359
S1-700001128	S2-100003407
S1-700001129	S2-100003409
S1-700001130	S3-500003371
S1-700001130	S2-100003411
S1-700001131	S3-500003376
S1-700001131	S3-500003377
S1-700001132	S3-500003381
S1-700001133	S3-500003384
S1-700001133	S2-100003416
S1-700001134	S2-100003421
S1-700001135	S2-100003423
S1-700001135	S3-500003389
S1-700001136	S3-500003394
S1-700001136	S2-100003424
S1-700001137	S3-500003398
S1-700001138	S3-500003403
S1-700001139	S2-100003429
S1-700001139	S2-100003430
S1-700001140	S2-100003432
S1-700001140	S3-500003410
S1-700001141	S3-500003415
S1-700001141	S2-100003433
S1-700001142	S3-500003419
S1-700001142	S2-100003435
S1-700001143	S3-500003421
S1-700001143	S2-100003439
S1-700001144	S3-500003424
S1-700001144	S3-500003425
S1-700001145	S3-500003428
S1-700001145	S2-100003444
S1-700001146	S3-500003432
S1-700001146	S2-100003446
S1-700001147	S2-100003449
S1-700001147	S3-500003435
S1-700001148	S2-100003453
S1-700001148	S3-500003437
S1-700001149	S2-100003456
S1-700001149	S2-100003457
S1-700001150	S2-100003460
S1-700001150	S3-500003442
S1-700001151	S2-100003463
S1-700001152	S3-500003447
S1-700001152	S3-500003448
S1-700001153	S3-500003450
S1-700001154	S2-100003472
S1-700001155	S2-100003475
S1-700001156	S2-100003479
S1-700001157	S3-500003460
S1-700001157	S2-100003484
S1-700001158	S3-500003463
S1-700001159	S2-100003488
S1-700001159	S3-500003468
S1-700001160	S3-500003471
S1-700001161	S3-500003475
S1-700001161	S3-500003476
S1-700001162	S3-500003480
S1-700001162	S3-500003481
S1-700001163	S2-100003495
S1-700001164	S2-100003499
S1-700001164	S2-100003500
S1-700001165	S3-500003489
S1-700001166	S2-100003506
S1-700001166	S2-100003507
S1-700001167	S3-500003495
S1-700001167	S2-100003509
S1-700001168	S3-500003499
S1-700001169	S3-500003502
S1-700001169	S2-100003514
S1-700001170	S3-500003505
S1-700001170	S2-100003517
S1-700001171	S2-100003519
S1-700001172	S2-100003523
S1-700001173	S3-500003515
S1-700001173	S2-100003525
S1-700001174	S2-100003529
S1-700001175	S3-500003519
S1-700001175	S3-500003520
S1-700001176	S3-500003523
S1-700001177	S2-100003536
S1-700001177	S2-100003537
S1-700001178	S3-500003529
S1-700001179	S2-100003543
S1-700001179	S2-100003544
S1-700001180	S2-100003547
S1-700001180	S2-100003548
S1-700001181	S3-500003536
S1-700001182	S2-100003554
S1-700001183	S2-100003559
S1-700001183	S3-500003541
S1-700001184	S2-100003563
S1-700001184	S3-500003543
S1-700001185	S3-500003546
S1-700001185	S3-500003547
S1-700001186	S3-500003551
S1-700001187	S3-500003553
S1-700001188	S3-500003556
S1-700001188	S2-100003574
S1-700001189	S2-100003578
S1-700001190	S2-100003581
S1-700001190	S3-500003561
S1-700001191	S2-100003583
S1-700001191	S3-500003565
S1-700001192	S2-100003586
S1-700001193	S2-100003590
S1-700001194	S3-500003573
S1-700001195	S3-500003576
S1-700001196	S2-100003597
S1-700001196	S2-100003598
S1-700001197	S2-100003601
S1-700001198	S2-100003604
S1-700001199	S3-500003588
S1-700001199	S2-100003608
S1-700001200	S2-100003611
S1-700001201	S3-500003594
S1-700001202	S2-100003616
S1-700001203	S3-500003600
S1-700001203	S2-100003620
S1-700001204	S3-500003605
S1-700001204	S2-100003621
S1-700001205	S3-500003608
S1-700001206	S3-500003614
S1-700001207	S3-500003617
S1-700001208	S2-100003630
S1-700001209	S3-500003622
S1-700001210	S3-500003625
S1-700001210	S3-500003626
S1-700001211	S2-100003638
S1-700001211	S2-100003639
S1-700001212	S3-500003632
S1-700001212	S3-500003633
S1-700001213	S3-500003637
S1-700001213	S2-100003643
S1-700001214	S3-500003640
S1-700001215	S3-500003643
S1-700001215	S3-500003644
S1-700001216	S2-100003651
S1-700001217	S2-100003654
S1-700001218	S2-100003658
S1-700001219	S2-100003661
S1-700001220	S2-100003664
S1-700001221	S3-500003662
S1-700001222	S2-100003669
S1-700001222	S2-100003670
S1-700001223	S3-500003666
S1-700001223	S3-500003667
S1-700001224	S3-500003670
S1-700001224	S3-500003671
S1-700001225	S2-100003677
S1-700001226	S2-100003678
S1-700001227	S3-500003681
S1-700001228	S2-100003686
S1-700001228	S3-500003684
S1-700001229	S3-500003689
S1-700001229	S3-500003690
S1-700001230	S3-500003692
S1-700001231	S2-100003693
S1-700001231	S3-500003695
S1-700001232	S3-500003699
S1-700001232	S3-500003700
S1-700001233	S2-100003696
S1-700001233	S3-500003704
S1-700001234	S2-100003699
S1-700001235	S3-500003710
S1-700001235	S2-100003702
S1-700001236	S2-100003704
S1-700001236	S3-500003714
S1-700001237	S2-100003706
S1-700001237	S2-100003707
S1-700001238	S3-500003718
S1-700001238	S2-100003712
S1-700001239	S2-100003715
S1-700001240	S2-100003717
S1-700001240	S3-500003725
S1-700001241	S2-100003722
S1-700001241	S3-500003726
S1-700001242	S3-500003728
S1-700001243	S3-500003730
S1-700001243	S3-500003731
S1-700001244	S3-500003734
S1-700001244	S2-100003732
S1-700001245	S2-100003735
S1-700001245	S2-100003736
S1-700001246	S3-500003740
S1-700001246	S2-100003738
S1-700001247	S3-500003744
S1-700001248	S3-500003748
S1-700001248	S3-500003749
S1-700001249	S3-500003750
S1-700001250	S3-500003755
S1-700001250	S2-100003747
S1-700001251	S3-500003758
S1-700001252	S3-500003760
S1-700001253	S2-100003754
S1-700001253	S3-500003766
S1-700001254	S3-500003768
S1-700001254	S2-100003758
S1-700001255	S3-500003769
S1-700001256	S3-500003772
S1-700001257	S2-100003770
S1-700001258	S2-100003776
S1-700001258	S3-500003774
S1-700001259	S2-100003781
S1-700001259	S2-100003782
S1-700001260	S2-100003784
S1-700001260	S3-500003778
S1-700001261	S3-500003782
S1-700001261	S3-500003783
S1-700001262	S3-500003785
S1-700001263	S2-100003792
S1-700001263	S2-100003793
S1-700001264	S3-500003790
S1-700001264	S3-500003791
S1-700001265	S2-100003798
S1-700001265	S2-100003799
S1-700001266	S2-100003804
S1-700001266	S3-500003794
S1-700001267	S3-500003798
S1-700001267	S2-100003806
S1-700001268	S2-100003809
S1-700001268	S2-100003810
S1-700001269	S3-500003804
S1-700001269	S2-100003812
S1-700001270	S2-100003814
S1-700001270	S2-100003815
S1-700001271	S2-100003817
S1-700001271	S2-100003818
S1-700001272	S3-500003813
S1-700001273	S3-500003816
S1-700001274	S3-500003819
S1-700001275	S2-100003827
S1-700001276	S3-500003826
S1-700001276	S3-500003827
S1-700001277	S2-100003835
S1-700001278	S2-100003837
S1-700001278	S2-100003838
S1-700001279	S3-500003835
S1-700001279	S2-100003841
S1-700001280	S3-500003837
S1-700001281	S2-100003848
S1-700001282	S2-100003852
S1-700001283	S2-100003855
S1-700001284	S2-100003860
S1-700001284	S3-500003846
S1-700001285	S3-500003850
S1-700001285	S2-100003862
S1-700001286	S3-500003854
S1-700001287	S3-500003858
S1-700001287	S2-100003866
S1-700001288	S2-100003870
S1-700001288	S3-500003860
S1-700001289	S2-100003873
S1-700001289	S2-100003874
S1-700001290	S2-100003876
S1-700001290	S2-100003877
S1-700001291	S3-500003869
S1-700001291	S3-500003870
S1-700001292	S3-500003872
S1-700001292	S2-100003882
S1-700001293	S3-500003876
S1-700001294	S2-100003886
S1-700001295	S3-500003883
S1-700001296	S3-500003886
S1-700001297	S3-500003891
S1-700001297	S3-500003892
S1-700001298	S3-500003894
S1-700001298	S2-100003896
S1-700001299	S3-500003896
S1-700001299	S2-100003900
S1-700001300	S3-500003899
S1-700001301	S2-100003907
S1-700001302	S3-500003903
S1-700001303	S3-500003907
S1-700001304	S3-500003910
S1-700001304	S2-100003916
S1-700001305	S2-100003919
S1-700001306	S2-100003922
S1-700001306	S2-100003923
S1-700001307	S2-100003926
S1-700001308	S3-500003920
S1-700001308	S3-500003921
S1-700001309	S3-500003924
S1-700001309	S3-500003925
S1-700001310	S2-100003934
S1-700001311	S3-500003929
S1-700001311	S2-100003939
S1-700001312	S3-500003932
S1-700001313	S3-500003935
S1-700001313	S2-100003945
S1-700001314	S3-500003937
S1-700001315	S3-500003940
S1-700001315	S3-500003941
S1-700001316	S3-500003944
S1-700001317	S3-500003947
S1-700001317	S2-100003957
S1-700001318	S3-500003949
S1-700001319	S3-500003951
S1-700001320	S2-100003968
S1-700001321	S2-100003972
S1-700001322	S2-100003977
S1-700001323	S2-100003980
S1-700001323	S2-100003981
S1-700001324	S2-100003983
S1-700001325	S3-500003965
S1-700001325	S3-500003966
S1-700001326	S2-100003990
S1-700001326	S2-100003991
S1-700001327	S3-500003970
S1-700001328	S2-100003998
S1-700001328	S2-100003999
S1-700001329	S3-500003975
S1-700001329	S3-500003976
S1-700001330	S2-100004002
S1-700001330	S3-500003980
S1-700001331	S2-100004005
S1-700001331	S2-100004006
S1-700001332	S3-500003984
S1-700001333	S3-500003987
S1-700001333	S2-100004013
S1-700001334	S3-500003991
S1-700001335	S3-500003996
S1-700001335	S3-500003997
S1-700001336	S3-500004000
S1-700001337	S3-500004005
S1-700001337	S2-100004019
S1-700001338	S2-100004022
S1-700001339	S2-100004027
S1-700001339	S2-100004028
S1-700001340	S2-100004033
S1-700001341	S2-100004035
S1-700001342	S3-500004016
S1-700001342	S2-100004038
S1-700001343	S2-100004041
S1-700001343	S2-100004042
S1-700001344	S2-100004044
S1-700001345	S3-500004024
S1-700001345	S3-500004025
S1-700001346	S2-100004049
S1-700001347	S3-500004031
S1-700001347	S3-500004032
S1-700001348	S2-100004053
S1-700001349	S2-100004057
S1-700001349	S3-500004039
S1-700001350	S2-100004060
S1-700001351	S3-500004044
S1-700001351	S3-500004045
S1-700001352	S3-500004048
S1-700001352	S2-100004066
S1-700001353	S3-500004050
S1-700001354	S3-500004053
S1-700001355	S3-500004057
S1-700001356	S3-500004060
S1-700001356	S3-500004061
S1-700001357	S3-500004064
S1-700001357	S3-500004065
S1-700001358	S3-500004067
S1-700001358	S2-100004083
S1-700001359	S3-500004070
S1-700001359	S2-100004086
S1-700001360	S3-500004074
S1-700001361	S3-500004076
S1-700001361	S2-100004092
S1-700001362	S3-500004079
S1-700001363	S2-100004098
S1-700001363	S3-500004082
S1-700001364	S3-500004085
S1-700001365	S3-500004088
S1-700001366	S2-100004107
S1-700001366	S3-500004091
S1-700001367	S3-500004093
S1-700001367	S3-500004094
S1-700001368	S3-500004097
S1-700001368	S3-500004098
S1-700001369	S3-500004101
S1-700001370	S3-500004105
S1-700001370	S3-500004106
S1-700001371	S3-500004110
S1-700001372	S3-500004115
S1-700001372	S3-500004116
S1-700001373	S2-100004120
S1-700001374	S3-500004122
S1-700001375	S3-500004126
S1-700001375	S2-100004126
S1-700001376	S2-100004129
S1-700001376	S2-100004130
S1-700001377	S2-100004132
S1-700001378	S2-100004134
S1-700001378	S3-500004136
S1-700001379	S3-500004140
S1-700001380	S2-100004137
S1-700001380	S2-100004138
S1-700001381	S3-500004148
S1-700001381	S3-500004149
S1-700001382	S2-100004142
S1-700001383	S3-500004154
S1-700001383	S3-500004155
S1-700001384	S3-500004158
S1-700001384	S2-100004148
S1-700001385	S3-500004160
S1-700001385	S2-100004152
S1-700001386	S2-100004155
S1-700001387	S2-100004159
S1-700001388	S2-100004160
S1-700001388	S3-500004170
S1-700001389	S3-500004173
S1-700001390	S2-100004165
S1-700001390	S2-100004166
S1-700001391	S2-100004168
S1-700001391	S2-100004169
S1-700001392	S3-500004181
S1-700001393	S3-500004186
S1-700001393	S2-100004174
S1-700001394	S2-100004178
S1-700001395	S3-500004189
S1-700001396	S2-100004186
S1-700001397	S2-100004189
S1-700001397	S2-100004190
S1-700001398	S2-100004193
S1-700001399	S3-500004201
S1-700001399	S2-100004195
S1-700001400	S3-500004204
S1-700001401	S3-500004207
S1-700001401	S2-100004201
S1-700001402	S3-500004211
S1-700001403	S3-500004214
S1-700001403	S2-100004206
S1-700001404	S3-500004217
S1-700001405	S3-500004220
S1-700001406	S2-100004216
S1-700001406	S3-500004222
S1-700001407	S2-100004219
S1-700001408	S3-500004228
S1-700001409	S2-100004225
S1-700001409	S3-500004231
S1-700001410	S2-100004230
S1-700001411	S3-500004233
S1-700001411	S2-100004235
S1-700001412	S3-500004235
S1-700001413	S3-500004239
S1-700001414	S3-500004242
S1-700001414	S2-100004244
S1-700001415	S3-500004246
S1-700001415	S2-100004246
S1-700001416	S2-100004250
S1-700001416	S3-500004248
S1-700001417	S2-100004252
S1-700001418	S2-100004255
S1-700001419	S2-100004259
S1-700001420	S3-500004259
S1-700001420	S2-100004263
S1-700001421	S3-500004260
S1-700001421	S2-100004268
S1-700001422	S2-100004270
S1-700001422	S2-100004271
S1-700001423	S2-100004275
S1-700001423	S2-100004276
S1-700001424	S3-500004267
S1-700001425	S3-500004269
S1-700001425	S3-500004270
S1-700001426	S3-500004274
S1-700001426	S2-100004284
S1-700001427	S3-500004277
S1-700001428	S2-100004289
S1-700001428	S2-100004290
S1-700001429	S3-500004281
S1-700001429	S3-500004282
S1-700001430	S3-500004285
S1-700001431	S2-100004300
S1-700001431	S3-500004288
S1-700001432	S3-500004293
S1-700001433	S2-100004304
S1-700001434	S2-100004305
S1-700001434	S2-100004306
S1-700001435	S3-500004304
S1-700001435	S3-500004305
S1-700001436	S2-100004309
S1-700001436	S3-500004309
S1-700001437	S2-100004312
S1-700001437	S2-100004313
S1-700001438	S3-500004315
S1-700001439	S2-100004319
S1-700001439	S2-100004320
S1-700001440	S2-100004322
S1-700001441	S2-100004326
S1-700001441	S3-500004322
S1-700001442	S2-100004330
S1-700001442	S2-100004331
S1-700001443	S3-500004328
S1-700001444	S3-500004333
S1-700001444	S2-100004333
S1-700001445	S3-500004335
S1-700001446	S2-100004340
S1-700001447	S3-500004343
S1-700001447	S3-500004344
S1-700001448	S2-100004343
S1-700001448	S3-500004347
S1-700001449	S2-100004345
S1-700001449	S2-100004346
S1-700001450	S3-500004354
S1-700001450	S2-100004348
S1-700001451	S3-500004355
S1-700001452	S2-100004354
S1-700001452	S3-500004360
S1-700001453	S3-500004363
S1-700001454	S3-500004367
S1-700001454	S2-100004359
S1-700001455	S3-500004371
S1-700001456	S2-100004364
S1-700001457	S2-100004366
S1-700001458	S3-500004381
S1-700001459	S3-500004384
S1-700001460	S3-500004387
S1-700001461	S2-100004379
S1-700001461	S2-100004380
S1-700001462	S3-500004390
S1-700001463	S3-500004394
S1-700001463	S2-100004386
S1-700001464	S2-100004391
S1-700001465	S2-100004394
S1-700001466	S2-100004396
S1-700001466	S3-500004402
S1-700001467	S2-100004401
S1-700001467	S2-100004402
S1-700001468	S3-500004405
S1-700001469	S2-100004407
S1-700001469	S3-500004409
S1-700001470	S3-500004413
S1-700001471	S3-500004415
S1-700001471	S3-500004416
S1-700001472	S2-100004413
S1-700001472	S2-100004414
S1-700001473	S3-500004423
S1-700001473	S2-100004417
S1-700001474	S3-500004426
S1-700001475	S3-500004429
S1-700001475	S2-100004423
S1-700001476	S3-500004432
S1-700001477	S3-500004436
S1-700001477	S3-500004437
S1-700001478	S3-500004440
S1-700001478	S3-500004441
S1-700001479	S3-500004445
S1-700001479	S2-100004431
S1-700001480	S2-100004435
S1-700001480	S2-100004436
S1-700001481	S2-100004438
S1-700001482	S2-100004441
S1-700001483	S2-100004445
S1-700001483	S2-100004446
S1-700001484	S3-500004458
S1-700001484	S2-100004448
S1-700001485	S2-100004450
S1-700001486	S3-500004465
S1-700001486	S3-500004466
S1-700001487	S2-100004454
S1-700001488	S2-100004456
S1-700001488	S2-100004457
S1-700001489	S3-500004476
S1-700001490	S3-500004480
S1-700001490	S3-500004481
S1-700001491	S3-500004484
S1-700001491	S3-500004485
S1-700001492	S2-100004466
S1-700001493	S2-100004469
S1-700001493	S3-500004491
S1-700001494	S3-500004496
S1-700001494	S3-500004497
S1-700001495	S3-500004500
S1-700001495	S3-500004501
S1-700001496	S3-500004502
S1-700001496	S2-100004476
S1-700001497	S2-100004480
S1-700001497	S2-100004481
S1-700001498	S3-500004506
S1-700001499	S2-100004488
S1-700001499	S3-500004508
