entity_id	business_name	business_address	country
S1-00001	Apex Global Logistics #1	14 Victoria Boulevard, Seattle 10037	US
S1-00002	Beacon Financial Services #2	27 Oakland Street, Tokyo 10074	Japan
S1-00003	Crestview Medical Clinic #3	40 Victoria Avenue, London 10111	UK
S1-00004	Delta Precision Engineering #4	53 Oakland Street, Nice 10148	France
S1-00005	Echo Horizon Media #5	66 Victoria Avenue, Birmingham 10185	UK
S1-00006	Falcon Security Systems #6	79 Oakland Avenue, Chicago 10222	US
S1-00007	Genesis BioPharm Labs #7	92 Victoria Street, Yokohama 10259	Japan
S1-00008	Harbor Point Retail #8	105 Oakland Road, Ottawa 10296	Canada
S1-00009	Ironclad Industrial Solutions #9	118 Victoria Road, Marseille 10333	France
S1-00010	Jupiter Data Systems #10	131 Oakland Avenue, Seattle 10370	US
S1-00011	Keystone Software Labs #11	144 Victoria Road, Nice 10407	France
S1-00012	Lighthouse Creative Studio #12	157 Oakland Street, Birmingham 10444	UK
S1-00013	Matrix Cloud Services #13	170 Victoria Street, Marseille 10481	France
S1-00014	Nexus Energy Solutions #14	183 Oakland Boulevard, Delhi 10518	India
S1-00015	Orion Aerospace Dynamics #15	196 Victoria Boulevard, Birmingham 10555	UK
S1-00016	Pioneer Robotics Corp #16	209 Oakland Road, Vancouver 10592	Canada
S1-00017	Quantum Dynamics Inc #17	222 Victoria Boulevard, Tokyo 10629	Japan
S1-00018	Radiant Solar Energy #18	235 Oakland Boulevard, Edinburgh 10666	UK
S1-00019	Summit Wealth Partners #19	248 Victoria Avenue, Birmingham 10703	UK
S1-00020	Acme Technologies #20	261 Oakland Street, New York 10740	US
S1-00021	Apex Global Logistics #21	274 Victoria Avenue, London 10777	UK
S1-00022	Beacon Financial Services #22	287 Oakland Avenue, Berlin 10814	Germany
S1-00023	Crestview Medical Clinic #23	300 Victoria Street, Osaka 10851	Japan
S1-00024	Delta Precision Engineering #24	313 Oakland Road, Frankfurt 10888	Germany
S1-00025	Echo Horizon Media #25	326 Victoria Street, Bristol 10925	UK
S1-00026	Falcon Security Systems #26	339 Oakland Avenue, Berlin 10962	Germany
S1-00027	Genesis BioPharm Labs #27	352 Victoria Road, Kyoto 10999	Japan
S1-00028	Harbor Point Retail #28	365 Oakland Street, Paris 11036	France
S1-00029	Ironclad Industrial Solutions #29	378 Victoria Avenue, Berlin 11073	Germany
S1-00030	Jupiter Data Systems #30	391 Oakland Road, Delhi 11110	India
S1-00031	Keystone Software Labs #31	404 Victoria Street, Lyon 11147	France
S1-00032	Lighthouse Creative Studio #32	417 Oakland Boulevard, Paris 11184	France
S1-00033	Matrix Cloud Services #33	430 Victoria Boulevard, Lyon 11221	France
S1-00034	Nexus Energy Solutions #34	443 Oakland Boulevard, Pune 11258	India
S1-00035	Orion Aerospace Dynamics #35	456 Victoria Road, Edinburgh 11295	UK
S1-00036	Pioneer Robotics Corp #36	469 Oakland Road, Pune 11332	India
S1-00037	Quantum Dynamics Inc #37	482 Victoria Avenue, Mumbai 11369	India
S1-00038	Radiant Solar Energy #38	495 Oakland Road, Pune 11406	India
S1-00039	Summit Wealth Partners #39	508 Victoria Road, Osaka 11443	Japan
S1-00040	Acme Technologies #40	521 Oakland Avenue, Seattle 11480	US
S1-00041	Apex Global Logistics #41	534 Victoria Street, London 11517	UK
S1-00042	Beacon Financial Services #42	547 Oakland Street, Yokohama 11554	Japan
S1-00043	Crestview Medical Clinic #43	560 Victoria Street, Manchester 11591	UK
S1-00044	Delta Precision Engineering #44	573 Oakland Road, Hamburg 11628	Germany
S1-00045	Echo Horizon Media #45	586 Victoria Street, Nagoya 11665	Japan
S1-00046	Falcon Security Systems #46	599 Oakland Street, London 11702	UK
S1-00047	Genesis BioPharm Labs #47	612 Victoria Road, Stuttgart 11739	Germany
S1-00048	Harbor Point Retail #48	625 Oakland Boulevard, Munich 11776	Germany
S1-00049	Ironclad Industrial Solutions #49	638 Victoria Boulevard, Frankfurt 11813	Germany
S1-00050	Jupiter Data Systems #50	651 Oakland Boulevard, Paris 11850	France
S1-00051	Keystone Software Labs #51	664 Victoria Road, Montreal 11887	Canada
S1-00052	Lighthouse Creative Studio #52	677 Oakland Avenue, Tokyo 11924	Japan
S1-00053	Matrix Cloud Services #53	690 Victoria Boulevard, Edinburgh 11961	UK
S1-00054	Nexus Energy Solutions #54	703 Oakland Boulevard, Nagoya 11998	Japan
S1-00055	Orion Aerospace Dynamics #55	716 Victoria Street, Hyderabad 12035	India
S1-00056	Pioneer Robotics Corp #56	729 Oakland Road, Bristol 12072	UK
S1-00057	Quantum Dynamics Inc #57	742 Victoria Avenue, Vancouver 12109	Canada
S1-00058	Radiant Solar Energy #58	755 Oakland Boulevard, Pune 12146	India
S1-00059	Summit Wealth Partners #59	768 Victoria Street, Munich 12183	Germany
S1-00060	Acme Technologies #60	781 Oakland Avenue, Chicago 12220	US
S1-00061	Apex Global Logistics #61	794 Victoria Road, Munich 12257	Germany
S1-00062	Beacon Financial Services #62	807 Oakland Road, Nice 12294	France
S1-00063	Crestview Medical Clinic #63	820 Victoria Street, Pune 12331	India
S1-00064	Delta Precision Engineering #64	833 Oakland Street, New York 12368	US
S1-00065	Echo Horizon Media #65	846 Victoria Avenue, London 12405	UK
S1-00066	Falcon Security Systems #66	859 Oakland Street, Toronto 12442	Canada
S1-00067	Genesis BioPharm Labs #67	872 Victoria Road, Bristol 12479	UK
S1-00068	Harbor Point Retail #68	885 Oakland Boulevard, Bengaluru 12516	India
S1-00069	Ironclad Industrial Solutions #69	898 Victoria Street, Bengaluru 12553	India
S1-00070	Jupiter Data Systems #70	911 Oakland Road, Kyoto 12590	Japan
S1-00071	Keystone Software Labs #71	924 Victoria Street, Nice 12627	France
S1-00072	Lighthouse Creative Studio #72	937 Oakland Boulevard, London 12664	UK
S1-00073	Matrix Cloud Services #73	950 Victoria Boulevard, Berlin 12701	Germany
S1-00074	Nexus Energy Solutions #74	963 Oakland Road, Austin 12738	US
S1-00075	Orion Aerospace Dynamics #75	976 Victoria Boulevard, Montreal 12775	Canada
S1-00076	Pioneer Robotics Corp #76	989 Oakland Avenue, Pune 12812	India
S1-00077	Quantum Dynamics Inc #77	3 Victoria Avenue, Austin 12849	US
S1-00078	Radiant Solar Energy #78	16 Oakland Avenue, Ottawa 12886	Canada
S1-00079	Summit Wealth Partners #79	29 Victoria Boulevard, London 12923	UK
S1-00080	Acme Technologies #80	42 Oakland Boulevard, Lyon 12960	France
S1-00081	Apex Global Logistics #81	55 Victoria Road, Birmingham 12997	UK
S1-00082	Beacon Financial Services #82	68 Oakland Boulevard, Calgary 13034	Canada
S1-00083	Crestview Medical Clinic #83	81 Victoria Boulevard, Marseille 13071	France
S1-00084	Delta Precision Engineering #84	94 Oakland Road, Hyderabad 13108	India
S1-00085	Echo Horizon Media #85	107 Victoria Boulevard, Delhi 13145	India
S1-00086	Falcon Security Systems #86	120 Oakland Street, Montreal 13182	Canada
S1-00087	Genesis BioPharm Labs #87	133 Victoria Street, Nagoya 13219	Japan
S1-00088	Harbor Point Retail #88	146 Oakland Boulevard, Pune 13256	India
S1-00089	Ironclad Industrial Solutions #89	159 Victoria Road, Hyderabad 13293	India
S1-00090	Jupiter Data Systems #90	172 Oakland Avenue, Bengaluru 13330	India
S1-00091	Keystone Software Labs #91	185 Victoria Street, Pune 13367	India
S1-00092	Lighthouse Creative Studio #92	198 Oakland Avenue, Stuttgart 13404	Germany
S1-00093	Matrix Cloud Services #93	211 Victoria Avenue, Calgary 13441	Canada
S1-00094	Nexus Energy Solutions #94	224 Oakland Road, New York 13478	US
S1-00095	Orion Aerospace Dynamics #95	237 Victoria Street, Delhi 13515	India
S1-00096	Pioneer Robotics Corp #96	250 Oakland Street, Bengaluru 13552	India
S1-00097	Quantum Dynamics Inc #97	263 Victoria Street, Toronto 13589	Canada
S1-00098	Radiant Solar Energy #98	276 Oakland Road, Bristol 13626	UK
S1-00099	Summit Wealth Partners #99	289 Victoria Boulevard, Bristol 13663	UK
S1-00100	Acme Technologies #100	302 Oakland Boulevard, Yokohama 13700	Japan
S1-00101	Apex Global Logistics #101	315 Victoria Boulevard, Austin 13737	US
S1-00102	Beacon Financial Services #102	328 Oakland Boulevard, Montreal 13774	Canada
S1-00103	Crestview Medical Clinic #103	341 Victoria Street, Osaka 13811	Japan
S1-00104	Delta Precision Engineering #104	354 Oakland Road, Berlin 13848	Germany
S1-00105	Echo Horizon Media #105	367 Victoria Road, Lyon 13885	France
S1-00106	Falcon Security Systems #106	380 Oakland Road, Lyon 13922	France
S1-00107	Genesis BioPharm Labs #107	393 Victoria Boulevard, Edinburgh 13959	UK
S1-00108	Harbor Point Retail #108	406 Oakland Road, Birmingham 13996	UK
S1-00109	Ironclad Industrial Solutions #109	419 Victoria Street, Nagoya 14033	Japan
S1-00110	Jupiter Data Systems #110	432 Oakland Street, Osaka 14070	Japan
S1-00111	Keystone Software Labs #111	445 Victoria Avenue, Kyoto 14107	Japan
S1-00112	Lighthouse Creative Studio #112	458 Oakland Boulevard, Calgary 14144	Canada
S1-00113	Matrix Cloud Services #113	471 Victoria Avenue, Kyoto 14181	Japan
S1-00114	Nexus Energy Solutions #114	484 Oakland Boulevard, Toronto 14218	Canada
S1-00115	Orion Aerospace Dynamics #115	497 Victoria Boulevard, Stuttgart 14255	Germany
S1-00116	Pioneer Robotics Corp #116	510 Oakland Avenue, London 14292	UK
S1-00117	Quantum Dynamics Inc #117	523 Victoria Street, Bengaluru 14329	India
S1-00118	Radiant Solar Energy #118	536 Oakland Road, Hamburg 14366	Germany
S1-00119	Summit Wealth Partners #119	549 Victoria Avenue, Birmingham 14403	UK
S1-00120	Acme Technologies #120	562 Oakland Boulevard, Toronto 14440	Canada
S1-00121	Apex Global Logistics #121	575 Victoria Street, Birmingham 14477	UK
S1-00122	Beacon Financial Services #122	588 Oakland Boulevard, Vancouver 14514	Canada
S1-00123	Crestview Medical Clinic #123	601 Victoria Boulevard, Bristol 14551	UK
S1-00124	Delta Precision Engineering #124	614 Oakland Road, Birmingham 14588	UK
S1-00125	Echo Horizon Media #125	627 Victoria Boulevard, Paris 14625	France
S1-00126	Falcon Security Systems #126	640 Oakland Street, Toulouse 14662	France
S1-00127	Genesis BioPharm Labs #127	653 Victoria Road, Calgary 14699	Canada
S1-00128	Harbor Point Retail #128	666 Oakland Avenue, Nice 14736	France
S1-00129	Ironclad Industrial Solutions #129	679 Victoria Street, Lyon 14773	France
S1-00130	Jupiter Data Systems #130	692 Oakland Street, Austin 14810	US
S1-00131	Keystone Software Labs #131	705 Victoria Street, Austin 14847	US
S1-00132	Lighthouse Creative Studio #132	718 Oakland Road, Vancouver 14884	Canada
S1-00133	Matrix Cloud Services #133	731 Victoria Boulevard, Hamburg 14921	Germany
S1-00134	Nexus Energy Solutions #134	744 Oakland Road, Bristol 14958	UK
S1-00135	Orion Aerospace Dynamics #135	757 Victoria Boulevard, London 14995	UK
S1-00136	Pioneer Robotics Corp #136	770 Oakland Avenue, Seattle 15032	US
S1-00137	Quantum Dynamics Inc #137	783 Victoria Street, San Francisco 15069	US
S1-00138	Radiant Solar Energy #138	796 Oakland Boulevard, Bristol 15106	UK
S1-00139	Summit Wealth Partners #139	809 Victoria Street, Toronto 15143	Canada
S1-00140	Acme Technologies #140	822 Oakland Boulevard, Seattle 15180	US
S1-00141	Apex Global Logistics #141	835 Victoria Boulevard, Lyon 15217	France
S1-00142	Beacon Financial Services #142	848 Oakland Street, Calgary 15254	Canada
S1-00143	Crestview Medical Clinic #143	861 Victoria Street, Frankfurt 15291	Germany
S1-00144	Delta Precision Engineering #144	874 Oakland Avenue, Hyderabad 15328	India
S1-00145	Echo Horizon Media #145	887 Victoria Boulevard, Austin 15365	US
S1-00146	Falcon Security Systems #146	900 Oakland Street, Mumbai 15402	India
S1-00147	Genesis BioPharm Labs #147	913 Victoria Avenue, Birmingham 15439	UK
S1-00148	Harbor Point Retail #148	926 Oakland Street, San Francisco 15476	US
S1-00149	Ironclad Industrial Solutions #149	939 Victoria Road, Bengaluru 15513	India
S1-00150	Jupiter Data Systems #150	952 Oakland Boulevard, Marseille 15550	France
S1-00151	Keystone Software Labs #151	965 Victoria Boulevard, Kyoto 15587	Japan
S1-00152	Lighthouse Creative Studio #152	978 Oakland Boulevard, Hyderabad 15624	India
S1-00153	Matrix Cloud Services #153	991 Victoria Avenue, Munich 15661	Germany
S1-00154	Nexus Energy Solutions #154	5 Oakland Avenue, Hamburg 15698	Germany
S1-00155	Orion Aerospace Dynamics #155	18 Victoria Street, Chicago 15735	US
S1-00156	Pioneer Robotics Corp #156	31 Oakland Road, Seattle 15772	US
S1-00157	Quantum Dynamics Inc #157	44 Victoria Avenue, Nice 15809	France
S1-00158	Radiant Solar Energy #158	57 Oakland Street, Bristol 15846	UK
S1-00159	Summit Wealth Partners #159	70 Victoria Street, Vancouver 15883	Canada
S1-00160	Acme Technologies #160	83 Oakland Street, Bengaluru 15920	India
S1-00161	Apex Global Logistics #161	96 Victoria Avenue, Kyoto 15957	Japan
S1-00162	Beacon Financial Services #162	109 Oakland Street, Toulouse 15994	France
S1-00163	Crestview Medical Clinic #163	122 Victoria Avenue, Hamburg 16031	Germany
S1-00164	Delta Precision Engineering #164	135 Oakland Boulevard, Hamburg 16068	Germany
S1-00165	Echo Horizon Media #165	148 Victoria Avenue, Edinburgh 16105	UK
S1-00166	Falcon Security Systems #166	161 Oakland Avenue, Nice 16142	France
S1-00167	Genesis BioPharm Labs #167	174 Victoria Street, New York 16179	US
S1-00168	Harbor Point Retail #168	187 Oakland Road, Austin 16216	US
S1-00169	Ironclad Industrial Solutions #169	200 Victoria Avenue, Lyon 16253	France
S1-00170	Jupiter Data Systems #170	213 Oakland Boulevard, Hamburg 16290	Germany
S1-00171	Keystone Software Labs #171	226 Victoria Street, Osaka 16327	Japan
S1-00172	Lighthouse Creative Studio #172	239 Oakland Avenue, Osaka 16364	Japan
S1-00173	Matrix Cloud Services #173	252 Victoria Road, Manchester 16401	UK
S1-00174	Nexus Energy Solutions #174	265 Oakland Road, Bristol 16438	UK
S1-00175	Orion Aerospace Dynamics #175	278 Victoria Avenue, Osaka 16475	Japan
S1-00176	Pioneer Robotics Corp #176	291 Oakland Avenue, Bengaluru 16512	India
S1-00177	Quantum Dynamics Inc #177	304 Victoria Avenue, Vancouver 16549	Canada
S1-00178	Radiant Solar Energy #178	317 Oakland Road, Stuttgart 16586	Germany
S1-00179	Summit Wealth Partners #179	330 Victoria Boulevard, Toulouse 16623	France
S1-00180	Acme Technologies #180	343 Oakland Boulevard, Berlin 16660	Germany
S1-00181	Apex Global Logistics #181	356 Victoria Boulevard, Pune 16697	India
S1-00182	Beacon Financial Services #182	369 Oakland Street, San Francisco 16734	US
S1-00183	Crestview Medical Clinic #183	382 Victoria Avenue, Kyoto 16771	Japan
S1-00184	Delta Precision Engineering #184	395 Oakland Street, Pune 16808	India
S1-00185	Echo Horizon Media #185	408 Victoria Avenue, Frankfurt 16845	Germany
S1-00186	Falcon Security Systems #186	421 Oakland Avenue, San Francisco 16882	US
S1-00187	Genesis BioPharm Labs #187	434 Victoria Boulevard, Nice 16919	France
S1-00188	Harbor Point Retail #188	447 Oakland Avenue, Bristol 16956	UK
S1-00189	Ironclad Industrial Solutions #189	460 Victoria Road, Montreal 16993	Canada
S1-00190	Jupiter Data Systems #190	473 Oakland Road, Nagoya 17030	Japan
S1-00191	Keystone Software Labs #191	486 Victoria Street, Munich 17067	Germany
S1-00192	Lighthouse Creative Studio #192	499 Oakland Street, Mumbai 17104	India
S1-00193	Matrix Cloud Services #193	512 Victoria Street, Delhi 17141	India
S1-00194	Nexus Energy Solutions #194	525 Oakland Road, Paris 17178	France
S1-00195	Orion Aerospace Dynamics #195	538 Victoria Road, Osaka 17215	Japan
S1-00196	Pioneer Robotics Corp #196	551 Oakland Boulevard, Nagoya 17252	Japan
S1-00197	Quantum Dynamics Inc #197	564 Victoria Boulevard, Calgary 17289	Canada
S1-00198	Radiant Solar Energy #198	577 Oakland Avenue, Calgary 17326	Canada
S1-00199	Summit Wealth Partners #199	590 Victoria Avenue, Stuttgart 17363	Germany
S1-00200	Acme Technologies #200	603 Oakland Avenue, Montreal 17400	Canada
S1-00201	Apex Global Logistics #201	616 Victoria Avenue, Bristol 17437	UK
S1-00202	Beacon Financial Services #202	629 Oakland Street, San Francisco 17474	US
S1-00203	Crestview Medical Clinic #203	642 Victoria Boulevard, Stuttgart 17511	Germany
S1-00204	Delta Precision Engineering #204	655 Oakland Street, Montreal 17548	Canada
S1-00205	Echo Horizon Media #205	668 Victoria Avenue, Hyderabad 17585	India
S1-00206	Falcon Security Systems #206	681 Oakland Street, Bengaluru 17622	India
S1-00207	Genesis BioPharm Labs #207	694 Victoria Road, Paris 17659	France
S1-00208	Harbor Point Retail #208	707 Oakland Boulevard, Tokyo 17696	Japan
S1-00209	Ironclad Industrial Solutions #209	720 Victoria Road, London 17733	UK
S1-00210	Jupiter Data Systems #210	733 Oakland Avenue, San Francisco 17770	US
S1-00211	Keystone Software Labs #211	746 Victoria Boulevard, Montreal 17807	Canada
S1-00212	Lighthouse Creative Studio #212	759 Oakland Road, Edinburgh 17844	UK
S1-00213	Matrix Cloud Services #213	772 Victoria Road, Pune 17881	India
S1-00214	Nexus Energy Solutions #214	785 Oakland Boulevard, Manchester 17918	UK
S1-00215	Orion Aerospace Dynamics #215	798 Victoria Street, Lyon 17955	France
S1-00216	Pioneer Robotics Corp #216	811 Oakland Street, Yokohama 17992	Japan
S1-00217	Quantum Dynamics Inc #217	824 Victoria Avenue, Bristol 18029	UK
S1-00218	Radiant Solar Energy #218	837 Oakland Avenue, Paris 18066	France
S1-00219	Summit Wealth Partners #219	850 Victoria Boulevard, Calgary 18103	Canada
S1-00220	Acme Technologies #220	863 Oakland Road, Nice 18140	France
S1-00221	Apex Global Logistics #221	876 Victoria Street, San Francisco 18177	US
S1-00222	Beacon Financial Services #222	889 Oakland Street, Marseille 18214	France
S1-00223	Crestview Medical Clinic #223	902 Victoria Avenue, Ottawa 18251	Canada
S1-00224	Delta Precision Engineering #224	915 Oakland Boulevard, Ottawa 18288	Canada
S1-00225	Echo Horizon Media #225	928 Victoria Road, Vancouver 18325	Canada
S1-00226	Falcon Security Systems #226	941 Oakland Avenue, Vancouver 18362	Canada
S1-00227	Genesis BioPharm Labs #227	954 Victoria Street, Birmingham 18399	UK
S1-00228	Harbor Point Retail #228	967 Oakland Street, Manchester 18436	UK
S1-00229	Ironclad Industrial Solutions #229	980 Victoria Road, Nice 18473	France
S1-00230	Jupiter Data Systems #230	993 Oakland Road, Hamburg 18510	Germany
S1-00231	Keystone Software Labs #231	7 Victoria Road, Ottawa 18547	Canada
S1-00232	Lighthouse Creative Studio #232	20 Oakland Avenue, Bristol 18584	UK
S1-00233	Matrix Cloud Services #233	33 Victoria Avenue, Mumbai 18621	India
S1-00234	Nexus Energy Solutions #234	46 Oakland Boulevard, Montreal 18658	Canada
S1-00235	Orion Aerospace Dynamics #235	59 Victoria Boulevard, Chicago 18695	US
S1-00236	Pioneer Robotics Corp #236	72 Oakland Street, Paris 18732	France
S1-00237	Quantum Dynamics Inc #237	85 Victoria Boulevard, Hyderabad 18769	India
S1-00238	Radiant Solar Energy #238	98 Oakland Street, Paris 18806	France
S1-00239	Summit Wealth Partners #239	111 Victoria Road, Yokohama 18843	Japan
S1-00240	Acme Technologies #240	124 Oakland Boulevard, Mumbai 18880	India
S1-00241	Apex Global Logistics #241	137 Victoria Street, Paris 18917	France
S1-00242	Beacon Financial Services #242	150 Oakland Boulevard, Paris 18954	France
S1-00243	Crestview Medical Clinic #243	163 Victoria Road, Bengaluru 18991	India
S1-00244	Delta Precision Engineering #244	176 Oakland Boulevard, Frankfurt 19028	Germany
S1-00245	Echo Horizon Media #245	189 Victoria Road, Hyderabad 19065	India
S1-00246	Falcon Security Systems #246	202 Oakland Avenue, Vancouver 19102	Canada
S1-00247	Genesis BioPharm Labs #247	215 Victoria Boulevard, Hyderabad 19139	India
S1-00248	Harbor Point Retail #248	228 Oakland Avenue, Toronto 19176	Canada
S1-00249	Ironclad Industrial Solutions #249	241 Victoria Road, Bengaluru 19213	India
S1-00250	Jupiter Data Systems #250	254 Oakland Boulevard, Bengaluru 19250	India
